Comment,Designator,Footprint,LCSC,Qty
100n,"hub:C1,hub:C2,hub:C5,node:C1,node:C2,node:C3",Capacitor_SMD:C_0402_1005Metric,,9
4k7,"hub:R6,hub:R7,node:R2,node:R3,node:R4",Resistor_SMD:R_0402_1005Metric,,8
100k,"hub:R12,hub:R9,node:R1",Resistor_SMD:R_0402_1005Metric,,4
ICM-45686,"hub:U2,node:U2",slimevr-i2spi:LGA-14_2.5x3mm_P0.5mm,,3
QMC6309,"hub:U3,node:U3",Mumo:QMC6309,,3
33,"hub:R1,hub:R2,hub:R3",Resistor_SMD:R_0402_1005Metric,,3
10u,"hub:C3,node:C4",Capacitor_SMD:C_0402_1005Metric,,3
2k2,"hub:R4,hub:R5",Resistor_SMD:R_0402_1005Metric,,2
1k,"hub:R11,hub:R15",Resistor_SMD:R_0402_1005Metric,,2
10k,"hub:R16,hub:R17",Resistor_SMD:R_0402_1005Metric,,2
5k1,"hub:R13,hub:R14",Resistor_SMD:R_0402_1005Metric,,2
RJ45-IN,node:J1,Connector_RJ:RJ45_Amphenol_54602-x08_Horizontal,,2
RJ45-OUT,node:J2,Connector_RJ:RJ45_Amphenol_54602-x08_Horizontal,,2
ATtiny412,node:U1,Package_SO:SOIC-8_3.9x4.9mm_P1.27mm,,2
DMG2305UX,node:Q1,Package_TO_SOT_SMD:SOT-23,,2
1u,node:C5,Capacitor_SMD:C_0402_1005Metric,,2
UPDI,node:TP1,TestPoint:TestPoint_Pad_D1.0mm,,2
ESP32-C5-WROOM-1,hub:U1,Espressif:ESP32-C5-WROOM-1,,1
RJ45-CHAIN,hub:J1,Connector_RJ:RJ45_Amphenol_54602-x08_Horizontal,,1
AP2112K-3.3,hub:U4,Package_TO_SOT_SMD:SOT-23-5,,1
MCP73831,hub:U5,Package_TO_SOT_SMD:SOT-23-5,,1
2k,hub:R8,Resistor_SMD:R_0402_1005Metric,,1
LiPo,hub:J2,Connector_JST:JST_PH_S2B-PH-SM4-TB_1x02-1MP_P2.00mm_Horizontal,,1
220k,hub:R10,Resistor_SMD:R_0402_1005Metric,,1
LED,hub:D1,LED_SMD:LED_0603_1608Metric,,1
22u,hub:C4,Capacitor_SMD:C_0402_1005Metric,,1
BOOT,hub:SW1,Connector_JST:JST_PH_S2B-PH-SM4-TB_1x02-1MP_P2.00mm_Horizontal,,1
USB-C,hub:J3,Connector_USB:USB_C_Receptacle_HRO_TYPE-C-31-M-12,,1
CHG,hub:D2,LED_SMD:LED_0603_1608Metric,,1
